Date,Close/Last,Volume,Open,High,Low,count,normalized,symbol
2021-01-04,$129.41,143301900,$133.52,$133.6116,$126.76,2.0,0.963,AAPL.US
2021-01-05,$131.01,97664900,$128.89,$131.74,$128.43,6.0,0.8213,AAPL.US
2021-01-06,$126.60,155088000,$127.72,$131.0499,$126.382,2.0,0.906,AAPL.US
2021-01-07,$130.92,109578200,$128.36,$131.63,$127.86,3.0,0.5427,AAPL.US
2021-01-08,$132.05,105158200,$132.43,$132.63,$130.23,8.0,0.9473,AAPL.US
2021-01-11,$128.98,100620900,$129.19,$130.17,$128.50,,,
2021-01-12,$128.80,91951150,$128.50,$129.69,$126.86,5.0,0.918,AAPL.US
2021-01-13,$130.89,88636830,$128.76,$131.45,$128.49,5.0,0.1556,AAPL.US
2021-01-14,$128.91,90221760,$130.80,$131.00,$128.76,3.0,0.998,AAPL.US
2021-01-15,$127.14,111598500,$128.78,$130.2242,$127.00,15.0,0.8601,AAPL.US
2021-01-19,$127.83,90757330,$127.78,$128.71,$126.938,5.0,0.2394,AAPL.US
2021-01-20,$132.03,104319500,$128.66,$132.49,$128.55,2.0,0.855,AAPL.US
2021-01-21,$136.87,120529500,$133.80,$139.67,$133.59,5.0,0.0672,AAPL.US
2021-01-22,$139.07,114459400,$136.28,$139.85,$135.02,8.0,0.9949,AAPL.US
2021-01-25,$142.92,157611700,$143.07,$145.09,$136.54,8.0,0.6099,AAPL.US
2021-01-26,$143.16,98390560,$143.60,$144.30,$141.37,7.0,0.9583,AAPL.US
2021-01-27,$142.06,140843800,$143.43,$144.30,$140.41,4.0,0.996,AAPL.US
2021-01-28,$137.09,142621100,$139.52,$141.99,$136.70,8.0,0.5235,AAPL.US
2021-01-29,$131.96,177523800,$135.83,$136.74,$130.21,5.0,0.4322,AAPL.US
2021-02-01,$134.14,106239800,$133.75,$135.38,$130.93,2.0,0.991,AAPL.US
2021-02-02,$134.99,83305370,$135.73,$136.31,$134.61,4.0,0.3708,AAPL.US
2021-02-03,$133.94,89880940,$135.76,$135.77,$133.61,2.0,0.925,AAPL.US
2021-02-04,$137.39,84183060,$136.30,$137.40,$134.59,5.0,0.9988,AAPL.US
2021-02-05,$136.76,75693830,$137.35,$137.42,$135.86,8.0,0.7668,AAPL.US
2021-02-08,$136.91,71297210,$136.03,$136.96,$134.92,17.0,0.4944,AAPL.US
2021-02-09,$136.01,76774210,$136.62,$137.877,$135.85,6.0,0.3017,AAPL.US
2021-02-10,$135.39,73046560,$136.48,$136.99,$134.40,9.0,0.8654,AAPL.US
2021-02-11,$135.13,64280030,$135.90,$136.39,$133.77,9.0,0.997,AAPL.US
2021-02-12,$135.37,60145130,$134.35,$135.53,$133.6921,1.0,0.982,AAPL.US
2021-02-16,$133.19,80576320,$135.49,$136.01,$132.79,2.0,0.7665,AAPL.US
2021-02-17,$130.84,98085250,$131.25,$132.22,$129.47,10.0,0.8567,AAPL.US
2021-02-18,$129.71,96856750,$129.20,$129.995,$127.41,11.0,0.1761,AAPL.US
2021-02-19,$129.87,87668830,$130.24,$130.71,$128.80,13.0,0.0672,AAPL.US
2021-02-22,$126.00,103916400,$128.01,$129.72,$125.60,10.0,0.4157,AAPL.US
2021-02-23,$125.86,158273000,$123.76,$126.71,$118.39,8.0,0.2714,AAPL.US
2021-02-24,$125.35,111039900,$124.94,$125.56,$122.23,5.0,0.4972,AAPL.US
2021-02-25,$120.99,148199500,$124.68,$126.4585,$120.54,10.0,0.7091,AAPL.US
2021-02-26,$121.26,164560400,$122.59,$124.85,$121.20,18.0,0.5994,AAPL.US
2021-03-01,$127.79,116307900,$123.75,$127.93,$122.79,8.0,0.7821,AAPL.US
2021-03-02,$125.12,102260900,$128.41,$128.72,$125.01,14.0,0.8126,AAPL.US
2021-03-03,$122.06,112966300,$124.81,$125.71,$121.84,5.0,0.1592,AAPL.US
2021-03-04,$120.13,178155000,$121.75,$123.60,$118.62,13.0,0.8262,AAPL.US
2021-03-05,$121.42,153766600,$120.98,$121.935,$117.57,18.0,0.7297,AAPL.US
2021-03-08,$116.36,154376600,$120.93,$121.00,$116.21,12.0,0.4795,AAPL.US
2021-03-09,$121.085,129525800,$119.03,$122.06,$118.79,16.0,0.6151,AAPL.US
2021-03-10,$119.98,111943300,$121.69,$122.17,$119.45,21.0,0.6776,AAPL.US
2021-03-11,$121.96,103026500,$122.54,$123.21,$121.26,15.0,0.7269,AAPL.US
2021-03-12,$121.03,88105050,$120.40,$121.17,$119.16,11.0,0.7295,AAPL.US
2021-03-15,$123.99,92590560,$121.41,$124.00,$120.42,15.0,0.6512,AAPL.US
2021-03-16,$125.57,115227900,$125.70,$127.22,$124.715,32.0,0.4624,AAPL.US
2021-03-17,$124.76,111932600,$124.05,$125.8599,$122.336,27.0,0.2334,AAPL.US
2021-03-18,$120.53,121469800,$122.88,$123.18,$120.32,22.0,0.7288,AAPL.US
2021-03-19,$119.99,185549500,$119.90,$121.43,$119.675,26.0,0.5158,AAPL.US
2021-03-22,$123.39,111912300,$120.33,$123.87,$120.26,34.0,0.5792,AAPL.US
2021-03-23,$122.54,95467140,$123.33,$124.24,$122.14,18.0,0.6368,AAPL.US
2021-03-24,$120.09,88530490,$122.82,$122.90,$120.065,21.0,0.458,AAPL.US
2021-03-25,$120.59,98844680,$119.54,$121.66,$119.00,19.0,0.7817,AAPL.US
2021-03-26,$121.21,94071230,$120.35,$121.48,$118.92,30.0,0.709,AAPL.US
2021-03-29,$121.39,80819200,$121.65,$122.58,$120.7299,22.0,0.4922,AAPL.US
2021-03-30,$119.90,85671920,$120.11,$120.4031,$118.86,40.0,0.4058,AAPL.US
2021-03-31,$122.15,118323800,$121.65,$123.52,$121.15,50.0,0.5827,AAPL.US
2021-04-01,$123.00,75089130,$123.66,$124.18,$122.49,28.0,0.7213,AAPL.US
2021-04-05,$125.90,88651180,$123.87,$126.1601,$123.07,27.0,0.7338,AAPL.US
2021-04-06,$126.21,80171250,$126.50,$127.13,$125.65,21.0,0.5737,AAPL.US
2021-04-07,$127.90,83466720,$125.83,$127.92,$125.14,24.0,0.5059,AAPL.US
2021-04-08,$130.36,88844590,$128.95,$130.39,$128.52,42.0,0.2017,AAPL.US
2021-04-09,$132.995,106686700,$129.80,$133.04,$129.47,29.0,0.5001,AAPL.US
2021-04-12,$131.24,91419980,$132.52,$132.85,$130.63,29.0,0.6908,AAPL.US
2021-04-13,$134.43,91266550,$132.44,$134.66,$131.93,25.0,0.5646,AAPL.US
2021-04-14,$132.03,87222780,$134.94,$135.00,$131.655,24.0,0.4989,AAPL.US
2021-04-15,$134.50,89347100,$133.82,$135.00,$133.64,20.0,0.6219,AAPL.US
2021-04-16,$134.16,84922390,$134.30,$134.67,$133.28,21.0,0.5212,AAPL.US
2021-04-19,$134.84,94264220,$133.51,$135.47,$133.34,27.0,0.3428,AAPL.US
2021-04-20,$133.11,94812350,$135.02,$135.53,$131.81,61.0,0.6352,AAPL.US
2021-04-21,$133.50,68847140,$132.36,$133.75,$131.3001,56.0,0.1822,AAPL.US
2021-04-22,$131.94,84566460,$133.04,$134.15,$131.41,30.0,0.4972,AAPL.US
2021-04-23,$134.32,78756780,$132.16,$135.12,$132.16,44.0,0.7212,AAPL.US
2021-04-26,$134.72,66905070,$134.83,$135.06,$133.56,51.0,0.4818,AAPL.US
2021-04-27,$134.39,66015800,$135.01,$135.41,$134.11,50.0,0.5054,AAPL.US
2021-04-28,$133.58,107760100,$134.31,$135.02,$133.08,85.0,0.6074,AAPL.US
2021-04-29,$133.48,151101000,$136.47,$137.07,$132.45,100.0,0.5173,AAPL.US
2021-04-30,$131.46,109839500,$131.78,$133.56,$131.065,61.0,0.213,AAPL.US
2021-05-03,$132.54,75135100,$132.04,$134.07,$131.83,50.0,0.4584,AAPL.US
2021-05-04,$127.85,137564700,$131.19,$131.4899,$126.70,33.0,0.4307,AAPL.US
2021-05-05,$128.10,84000900,$129.20,$130.45,$127.97,28.0,0.6375,AAPL.US
2021-05-06,$129.74,78128330,$127.89,$129.75,$127.13,28.0,0.6551,AAPL.US
2021-05-07,$130.21,78973270,$130.85,$131.2582,$129.475,27.0,0.5024,AAPL.US
2021-05-10,$126.85,88071230,$129.41,$129.54,$126.81,18.0,0.6675,AAPL.US
2021-05-11,$125.91,126142800,$123.50,$126.27,$122.77,31.0,0.0923,AAPL.US
2021-05-12,$122.77,112172300,$123.40,$124.64,$122.25,29.0,0.2121,AAPL.US
2021-05-13,$124.97,105861300,$124.58,$126.15,$124.26,15.0,0.6705,AAPL.US
2021-05-14,$127.45,81917950,$126.25,$127.89,$125.85,28.0,0.4595,AAPL.US
2021-05-17,$126.27,74116550,$126.82,$126.93,$125.17,44.0,0.4632,AAPL.US
2021-05-18,$124.85,63342930,$126.56,$126.99,$124.78,33.0,0.6422,AAPL.US
2021-05-19,$124.69,92611990,$123.16,$124.915,$122.86,32.0,0.4287,AAPL.US
2021-05-20,$127.31,76857120,$125.23,$127.72,$125.10,27.0,0.4489,AAPL.US
2021-05-21,$125.43,79295440,$127.82,$128.00,$125.21,43.0,0.4826,AAPL.US
2021-05-24,$127.10,63092950,$126.01,$127.94,$125.94,31.0,0.4987,AAPL.US
2021-05-25,$126.90,72009480,$127.82,$128.32,$126.32,27.0,0.584,AAPL.US
2021-05-26,$126.85,56575920,$126.955,$127.39,$126.42,27.0,0.6553,AAPL.US
2021-05-27,$125.28,94625600,$126.44,$127.64,$125.08,17.0,0.8179,AAPL.US
2021-05-28,$124.61,71311110,$125.57,$125.80,$124.55,36.0,0.5169,AAPL.US
2021-06-01,$124.28,67637120,$125.08,$125.35,$123.94,18.0,0.7427,AAPL.US
2021-06-02,$125.06,59278860,$124.28,$125.24,$124.05,38.0,0.5939,AAPL.US
2021-06-03,$123.54,76229170,$124.68,$124.85,$123.13,15.0,0.712,AAPL.US
2021-06-04,$125.89,75169340,$124.07,$126.16,$123.85,37.0,0.5248,AAPL.US
2021-06-07,$125.90,71057550,$126.17,$126.32,$124.8321,69.0,0.6472,AAPL.US
2021-06-08,$126.74,74403770,$126.60,$128.46,$126.2101,38.0,0.6162,AAPL.US
2021-06-09,$127.13,56877940,$127.21,$127.75,$126.52,27.0,0.8141,AAPL.US
2021-06-10,$126.11,71186420,$127.02,$128.19,$125.94,25.0,0.4177,AAPL.US
2021-06-11,$127.35,53522370,$126.53,$127.44,$126.10,33.0,0.5858,AAPL.US
2021-06-14,$130.48,96906490,$127.82,$130.54,$127.07,33.0,0.537,AAPL.US
2021-06-15,$129.64,62746330,$129.94,$130.60,$129.39,37.0,0.6738,AAPL.US
2021-06-16,$130.15,91815030,$130.37,$130.89,$128.461,36.0,0.7925,AAPL.US
2021-06-17,$131.79,96721670,$129.80,$132.55,$129.65,20.0,0.688,AAPL.US
2021-06-18,$130.46,108953300,$130.71,$131.51,$130.24,29.0,0.7929,AAPL.US
2021-06-21,$132.30,79663320,$130.30,$132.41,$129.21,41.0,0.5892,AAPL.US
2021-06-22,$133.98,74783620,$132.13,$134.08,$131.62,39.0,0.7423,AAPL.US
2021-06-23,$133.70,60214200,$133.77,$134.32,$133.23,33.0,0.5813,AAPL.US
2021-06-24,$133.41,68711000,$134.45,$134.64,$132.93,44.0,0.6887,AAPL.US
2021-06-25,$133.11,70783750,$133.46,$133.89,$132.81,17.0,0.5765,AAPL.US
2021-06-28,$134.78,62111300,$133.41,$135.245,$133.35,25.0,0.7956,AAPL.US
2021-06-29,$136.33,64556080,$134.80,$136.49,$134.35,36.0,0.298,AAPL.US
2021-06-30,$136.96,63261390,$136.17,$137.41,$135.87,35.0,0.5415,AAPL.US
2021-07-01,$137.27,52485780,$136.60,$137.33,$135.76,31.0,0.7491,AAPL.US
2021-07-02,$139.96,78945570,$137.90,$140.00,$137.745,20.0,0.6377,AAPL.US
2021-07-06,$142.02,108181800,$140.07,$143.15,$140.07,24.0,0.3182,AAPL.US
2021-07-07,$144.57,104911600,$143.535,$144.89,$142.66,32.0,0.5122,AAPL.US
2021-07-08,$143.24,105575500,$141.58,$144.06,$140.665,20.0,0.0826,AAPL.US
2021-07-09,$145.11,99890800,$142.75,$145.65,$142.6522,25.0,0.4568,AAPL.US
2021-07-12,$144.50,76299720,$146.21,$146.32,$144.00,21.0,0.6223,AAPL.US
2021-07-13,$145.64,100827100,$144.03,$147.46,$143.63,28.0,0.4123,AAPL.US
2021-07-14,$149.15,127050800,$148.10,$149.57,$147.68,58.0,0.5476,AAPL.US
2021-07-15,$148.48,106820300,$149.24,$150.00,$147.09,30.0,0.6514,AAPL.US
2021-07-16,$146.39,93251430,$148.46,$149.76,$145.88,29.0,0.6483,AAPL.US
2021-07-19,$142.45,121434600,$143.75,$144.07,$141.67,14.0,0.6279,AAPL.US
2021-07-20,$146.15,96350040,$143.46,$147.0997,$142.96,35.0,0.4317,AAPL.US
2021-07-21,$145.40,74993460,$145.53,$146.13,$144.63,22.0,0.506,AAPL.US
2021-07-22,$146.80,77338160,$145.935,$148.195,$145.81,29.0,0.5711,AAPL.US
2021-07-23,$148.56,71447420,$147.55,$148.7177,$146.92,25.0,0.6366,AAPL.US
2021-07-26,$148.99,72434090,$148.27,$149.83,$147.70,38.0,0.516,AAPL.US
2021-07-27,$146.77,104818600,$149.12,$149.21,$145.55,56.0,0.4672,AAPL.US
2021-07-28,$144.98,118931200,$144.81,$146.97,$142.54,85.0,0.4673,AAPL.US
2021-07-29,$145.64,56699480,$144.685,$146.55,$144.58,30.0,0.5325,AAPL.US
2021-07-30,$145.86,70440630,$144.38,$146.33,$144.11,29.0,0.3861,AAPL.US
2021-08-02,$145.52,62879960,$146.36,$146.95,$145.25,19.0,0.6372,AAPL.US
2021-08-03,$147.36,64786620,$145.81,$148.045,$145.18,22.0,0.6725,AAPL.US
2021-08-04,$146.95,56368270,$147.27,$147.79,$146.28,14.0,0.3934,AAPL.US
2021-08-05,$147.06,46397670,$146.98,$147.84,$146.17,26.0,0.2241,AAPL.US
2021-08-06,$146.14,54126810,$146.35,$147.11,$145.63,34.0,0.4019,AAPL.US
2021-08-09,$146.09,48908690,$146.20,$146.70,$145.52,11.0,0.4142,AAPL.US
2021-08-10,$145.60,69023080,$146.44,$147.71,$145.30,21.0,0.6415,AAPL.US
2021-08-11,$145.86,48493460,$146.05,$146.72,$145.53,22.0,0.619,AAPL.US
2021-08-12,$148.89,73779110,$146.19,$149.05,$145.84,21.0,0.3451,AAPL.US
2021-08-13,$149.10,59375010,$148.97,$149.4444,$148.27,25.0,0.4034,AAPL.US
2021-08-16,$151.12,103558800,$148.535,$151.19,$146.47,20.0,0.4127,AAPL.US
2021-08-17,$150.19,92229740,$150.23,$151.68,$149.09,22.0,0.6828,AAPL.US
2021-08-18,$146.36,86325990,$149.80,$150.72,$146.15,17.0,0.1644,AAPL.US
2021-08-19,$146.70,86960310,$145.03,$148.00,$144.50,26.0,0.2543,AAPL.US
2021-08-20,$148.19,60549630,$147.44,$148.50,$146.78,26.0,0.4162,AAPL.US
2021-08-23,$149.71,60131810,$148.31,$150.19,$147.89,15.0,0.4427,AAPL.US
2021-08-24,$149.62,48606430,$149.45,$150.86,$149.15,20.0,0.6243,AAPL.US
2021-08-25,$148.36,58991300,$149.81,$150.32,$147.80,26.0,0.5639,AAPL.US
2021-08-26,$147.54,48597200,$148.35,$149.12,$147.51,13.0,0.7426,AAPL.US
2021-08-27,$148.60,55802390,$147.48,$148.75,$146.83,31.0,0.5036,AAPL.US
2021-08-30,$153.12,90956720,$149.00,$153.49,$148.61,35.0,0.5661,AAPL.US
2021-08-31,$151.83,86453120,$152.66,$152.80,$151.29,37.0,0.5194,AAPL.US
2021-09-01,$152.51,80313710,$152.83,$154.98,$152.34,31.0,0.5075,AAPL.US
2021-09-02,$153.65,71171320,$153.87,$154.72,$152.40,42.0,0.5206,AAPL.US
2021-09-03,$154.30,57866070,$153.76,$154.63,$153.09,17.0,0.1345,AAPL.US
2021-09-07,$156.69,82278260,$154.97,$157.26,$154.39,38.0,0.5835,AAPL.US
2021-09-08,$155.11,74420210,$156.98,$157.04,$153.975,31.0,0.287,AAPL.US
2021-09-09,$154.07,57305730,$155.49,$156.11,$153.95,23.0,0.7899,AAPL.US
2021-09-10,$148.97,140893200,$155.00,$155.48,$148.70,69.0,0.4594,AAPL.US
2021-09-13,$149.55,102404300,$150.63,$151.42,$148.75,50.0,0.1527,AAPL.US
2021-09-14,$148.12,109296300,$150.35,$151.07,$146.91,107.0,0.3412,AAPL.US
2021-09-15,$149.03,83281320,$148.56,$149.44,$146.37,46.0,0.3585,AAPL.US
2021-09-16,$148.79,68034150,$148.44,$148.97,$147.221,26.0,0.3923,AAPL.US
2021-09-17,$146.06,129868800,$148.82,$148.82,$145.76,29.0,0.4322,AAPL.US
2021-09-20,$142.94,123478900,$143.80,$144.84,$141.27,36.0,0.304,AAPL.US
2021-09-21,$143.43,75833960,$143.93,$144.60,$142.78,27.0,0.4901,AAPL.US
2021-09-22,$145.85,76404340,$144.45,$146.43,$143.7001,32.0,0.2037,AAPL.US
2021-09-23,$146.83,64838170,$146.65,$147.08,$145.64,40.0,0.2778,AAPL.US
2021-09-24,$146.92,53477870,$145.66,$147.4701,$145.56,10.0,0.6919,AAPL.US
2021-09-27,$145.37,74150730,$145.47,$145.96,$143.82,20.0,0.6027,AAPL.US
2021-09-28,$141.91,108972300,$143.25,$144.75,$141.69,25.0,0.4648,AAPL.US
2021-09-29,$142.83,74602040,$142.47,$144.45,$142.03,21.0,0.1911,AAPL.US
2021-09-30,$141.50,89056660,$143.66,$144.378,$141.28,14.0,0.4896,AAPL.US
2021-10-01,$142.65,94639580,$141.90,$142.92,$139.1101,19.0,0.6627,AAPL.US
2021-10-04,$139.14,98322010,$141.76,$142.21,$138.27,28.0,0.5131,AAPL.US
2021-10-05,$141.11,80861060,$139.49,$142.24,$139.36,33.0,0.3868,AAPL.US
2021-10-06,$142.00,83221120,$139.47,$142.15,$138.37,17.0,0.3511,AAPL.US
2021-10-07,$143.29,61732660,$143.06,$144.215,$142.72,19.0,0.4754,AAPL.US
2021-10-08,$142.90,58773160,$144.03,$144.1781,$142.56,20.0,0.4641,AAPL.US
2021-10-11,$142.81,64452220,$142.27,$144.81,$141.81,16.0,0.5981,AAPL.US
2021-10-12,$141.51,73035860,$143.23,$143.25,$141.0401,33.0,0.17,AAPL.US
2021-10-13,$140.91,78762720,$141.235,$141.40,$139.20,52.0,0.0448,AAPL.US
2021-10-14,$143.76,69907100,$142.11,$143.88,$141.51,31.0,0.6154,AAPL.US
2021-10-15,$144.84,67940330,$143.77,$144.895,$143.51,28.0,0.4234,AAPL.US
2021-10-18,$146.55,85589180,$143.445,$146.84,$143.16,55.0,0.561,AAPL.US
2021-10-19,$148.76,76378890,$147.01,$149.17,$146.55,41.0,0.3895,AAPL.US
2021-10-20,$149.26,58418790,$148.70,$149.7539,$148.12,16.0,0.648,AAPL.US
2021-10-21,$149.48,61420990,$148.81,$149.64,$147.87,34.0,0.3886,AAPL.US
2021-10-22,$148.69,58883440,$149.69,$150.18,$148.64,48.0,0.3373,AAPL.US
2021-10-25,$148.64,50720560,$148.68,$149.37,$147.6211,37.0,0.6258,AAPL.US
2021-10-26,$149.32,60893400,$149.33,$150.84,$149.0101,41.0,0.6298,AAPL.US
2021-10-27,$148.85,56094930,$149.36,$149.73,$148.49,36.0,0.5659,AAPL.US
2021-10-28,$152.57,100077900,$149.82,$153.165,$149.72,82.0,0.5069,AAPL.US
2021-10-29,$149.80,124953200,$147.215,$149.94,$146.4128,119.0,0.2862,AAPL.US
2021-11-01,$148.96,74588260,$148.985,$149.70,$147.80,28.0,0.4713,AAPL.US
2021-11-02,$150.02,69121990,$148.66,$151.57,$148.65,31.0,0.5928,AAPL.US
2021-11-03,$151.49,54511530,$150.39,$151.97,$149.82,21.0,0.6994,AAPL.US
2021-11-04,$150.96,60394620,$151.58,$152.43,$150.64,29.0,0.547,AAPL.US
2021-11-05,$151.28,65463880,$151.89,$152.20,$150.06,18.0,0.4986,AAPL.US
2021-11-08,$150.44,55020870,$151.41,$151.57,$150.16,14.0,0.7765,AAPL.US
2021-11-09,$150.81,56787930,$150.20,$151.428,$150.0601,19.0,0.5265,AAPL.US
2021-11-10,$147.92,65187090,$150.02,$150.13,$147.85,27.0,0.2559,AAPL.US
2021-11-11,$147.87,40999950,$148.96,$149.43,$147.681,17.0,0.7629,AAPL.US
2021-11-12,$149.99,63804010,$148.43,$150.40,$147.48,27.0,0.3586,AAPL.US
2021-11-15,$150.00,59222800,$150.37,$151.88,$149.43,13.0,0.8195,AAPL.US
2021-11-16,$151.00,59256210,$149.94,$151.488,$149.34,29.0,0.5551,AAPL.US
2021-11-17,$153.49,88807000,$150.995,$155.00,$150.99,30.0,0.3579,AAPL.US
2021-11-18,$157.87,137827700,$153.71,$158.67,$153.05,32.0,0.4763,AAPL.US
2021-11-19,$160.55,117305600,$157.65,$161.02,$156.5328,44.0,0.4578,AAPL.US
2021-11-22,$161.02,117467900,$161.68,$165.70,$161.00,23.0,0.6642,AAPL.US
2021-11-23,$161.41,96041900,$161.12,$161.80,$159.0601,25.0,0.4503,AAPL.US
2021-11-24,$161.94,69463620,$160.75,$162.14,$159.64,20.0,-0.0188,AAPL.US
2021-11-26,$156.81,76959750,$159.565,$160.45,$156.36,21.0,0.4069,AAPL.US
2021-11-29,$160.24,88748220,$159.37,$161.19,$158.7901,18.0,0.5979,AAPL.US
2021-11-30,$165.30,174048100,$159.985,$165.52,$159.92,25.0,0.3896,AAPL.US
2021-12-01,$164.77,152423000,$167.48,$170.30,$164.53,30.0,0.4639,AAPL.US
2021-12-02,$163.76,136739200,$158.735,$164.20,$157.80,60.0,0.0923,AAPL.US
2021-12-03,$161.84,118023100,$164.02,$164.96,$159.72,32.0,0.5543,AAPL.US
2021-12-06,$165.32,107497000,$164.29,$167.8799,$164.28,34.0,0.5503,AAPL.US
2021-12-07,$171.18,120405400,$169.08,$171.58,$168.34,49.0,0.5293,AAPL.US
2021-12-08,$175.08,116998900,$172.125,$175.96,$170.70,41.0,0.4398,AAPL.US
2021-12-09,$174.56,108923700,$174.91,$176.75,$173.92,33.0,0.5372,AAPL.US
2021-12-10,$179.45,115402700,$175.205,$179.63,$174.69,21.0,0.5936,AAPL.US
2021-12-13,$175.74,153237000,$181.115,$182.13,$175.53,56.0,0.6228,AAPL.US
2021-12-14,$174.33,139380400,$175.25,$177.74,$172.21,53.0,0.4818,AAPL.US
2021-12-15,$179.30,131063300,$175.11,$179.50,$172.3108,22.0,0.3697,AAPL.US
2021-12-16,$172.26,150185800,$179.28,$181.14,$170.75,32.0,0.2921,AAPL.US
2021-12-17,$171.14,195923400,$169.93,$173.47,$169.69,28.0,0.4739,AAPL.US
2021-12-20,$169.75,107499100,$168.28,$170.58,$167.46,19.0,0.2273,AAPL.US
2021-12-21,$172.99,91185910,$171.555,$173.20,$169.12,28.0,0.7502,AAPL.US
2021-12-22,$175.64,92135300,$173.04,$175.86,$172.15,28.0,0.6,AAPL.US
2021-12-23,$176.28,68356570,$175.85,$176.8499,$175.27,15.0,0.7057,AAPL.US
2021-12-27,$180.33,74919580,$177.085,$180.42,$177.07,23.0,0.6726,AAPL.US
2021-12-28,$179.29,79144340,$180.16,$181.33,$178.53,49.0,0.6357,AAPL.US
2021-12-29,$179.38,62348930,$179.33,$180.63,$178.14,32.0,0.3743,AAPL.US
2021-12-30,$178.20,59773010,$179.47,$180.57,$178.09,23.0,0.38,AAPL.US
2021-12-31,$177.57,64062260,$178.085,$179.23,$177.26,13.0,0.4582,AAPL.US
2022-01-03,$182.01,104701200,$177.83,$182.88,$177.71,35.0,0.7419,AAPL.US
2022-01-04,$179.70,99310440,$182.63,$182.94,$179.12,38.0,0.6014,AAPL.US
2022-01-05,$174.92,94537600,$179.61,$180.17,$174.64,25.0,0.4315,AAPL.US
2022-01-06,$172.00,96903960,$172.70,$175.30,$171.64,26.0,0.5868,AAPL.US
2022-01-07,$172.17,86709150,$172.89,$174.14,$171.03,34.0,0.6518,AAPL.US
2022-01-10,$172.19,106765600,$169.08,$172.50,$168.17,33.0,0.5074,AAPL.US
2022-01-11,$175.08,76138310,$172.32,$175.18,$170.82,23.0,0.5588,AAPL.US
2022-01-12,$175.53,74805170,$176.12,$177.18,$174.82,38.0,0.6397,AAPL.US
2022-01-13,$172.19,84505760,$175.78,$176.62,$171.79,41.0,0.6774,AAPL.US
2022-01-14,$173.07,80440780,$171.34,$173.78,$171.09,25.0,0.5938,AAPL.US
2022-01-18,$169.80,91168730,$171.51,$172.54,$169.405,39.0,0.6439,AAPL.US
2022-01-19,$166.23,94814990,$170.00,$171.08,$165.94,32.0,0.6753,AAPL.US
2022-01-20,$164.51,91420520,$166.98,$169.68,$164.18,39.0,0.4832,AAPL.US
2022-01-21,$162.41,122848900,$164.415,$166.33,$162.30,42.0,0.6012,AAPL.US
2022-01-24,$161.62,162706700,$160.02,$162.30,$154.70,50.0,0.4853,AAPL.US
2022-01-25,$159.78,115798400,$158.98,$162.76,$157.02,36.0,0.5989,AAPL.US
2022-01-26,$159.69,108275300,$163.50,$164.3894,$157.82,36.0,0.4433,AAPL.US
2022-01-27,$159.22,121954600,$162.45,$163.84,$158.28,54.0,0.5223,AAPL.US
2022-01-28,$170.33,179935700,$165.71,$170.35,$162.80,83.0,0.4544,AAPL.US
2022-01-31,$174.78,115541600,$170.16,$175.00,$169.51,43.0,0.5894,AAPL.US
2022-02-01,$174.61,86213910,$174.01,$174.84,$172.31,38.0,0.654,AAPL.US
2022-02-02,$175.84,84914260,$174.745,$175.88,$173.33,40.0,0.5983,AAPL.US
2022-02-03,$172.90,89418070,$174.48,$176.2399,$172.12,63.0,0.2964,AAPL.US
2022-02-04,$172.39,82465400,$171.68,$174.10,$170.68,43.0,0.5771,AAPL.US
2022-02-07,$171.66,77251200,$172.86,$173.9458,$170.95,40.0,0.5574,AAPL.US
2022-02-08,$174.83,74829220,$171.73,$175.35,$171.43,44.0,0.6091,AAPL.US
2022-02-09,$176.28,71285040,$176.05,$176.65,$174.90,47.0,0.6367,AAPL.US
2022-02-10,$172.12,90865900,$174.14,$175.48,$171.55,33.0,0.7253,AAPL.US
2022-02-11,$168.64,98670690,$172.33,$173.08,$168.04,26.0,0.6691,AAPL.US
2022-02-14,$168.88,86185530,$167.37,$169.58,$166.56,27.0,0.4959,AAPL.US
2022-02-15,$172.79,64286320,$170.97,$172.95,$170.25,21.0,0.3226,AAPL.US
2022-02-16,$172.55,61177400,$171.85,$173.34,$170.05,36.0,0.6413,AAPL.US
2022-02-17,$168.88,69589340,$171.03,$171.91,$168.47,37.0,0.4354,AAPL.US
2022-02-18,$167.30,82772670,$169.82,$170.5413,$166.19,24.0,0.2938,AAPL.US
2022-02-22,$164.32,91162760,$164.98,$166.69,$162.15,23.0,0.6152,AAPL.US
2022-02-23,$160.07,90009250,$165.54,$166.15,$159.75,27.0,0.6838,AAPL.US
2022-02-24,$162.74,141147500,$152.58,$162.85,$152.00,27.0,0.4131,AAPL.US
2022-02-25,$164.85,91974220,$163.84,$165.12,$160.8738,16.0,0.546,AAPL.US
2022-02-28,$165.12,95056630,$163.06,$165.42,$162.43,29.0,0.492,AAPL.US
2022-03-01,$163.20,83474430,$164.695,$166.60,$161.97,30.0,-0.0203,AAPL.US
2022-03-02,$166.56,79724750,$164.39,$167.36,$162.95,46.0,0.2642,AAPL.US
2022-03-03,$166.23,76678440,$168.47,$168.91,$165.55,32.0,0.2939,AAPL.US
2022-03-04,$163.17,83819590,$164.49,$165.55,$162.10,36.0,0.1693,AAPL.US
2022-03-07,$159.30,96418850,$163.36,$165.02,$159.04,42.0,0.1264,AAPL.US
2022-03-08,$157.44,131148300,$158.82,$162.88,$155.80,67.0,0.3225,AAPL.US
2022-03-09,$162.95,91454910,$161.475,$163.41,$159.41,39.0,0.3889,AAPL.US
2022-03-10,$158.52,105342000,$160.20,$160.39,$155.98,39.0,0.3598,AAPL.US
2022-03-11,$154.73,96970100,$158.93,$159.28,$154.50,29.0,0.5172,AAPL.US
2022-03-14,$150.62,108732100,$151.45,$154.12,$150.10,41.0,0.0165,AAPL.US
2022-03-15,$155.09,92964300,$150.90,$155.57,$150.38,30.0,0.5291,AAPL.US
2022-03-16,$159.59,102300200,$157.05,$160.00,$154.46,24.0,0.3345,AAPL.US
2022-03-17,$160.62,75615380,$158.61,$161.00,$157.63,35.0,0.5358,AAPL.US
2022-03-18,$163.98,123511700,$160.51,$164.48,$159.76,24.0,0.5443,AAPL.US
2022-03-21,$165.38,95811350,$163.51,$166.35,$163.015,24.0,0.0018,AAPL.US
2022-03-22,$168.82,81532010,$165.51,$169.42,$164.91,25.0,0.5966,AAPL.US
2022-03-23,$170.21,98062670,$167.99,$172.64,$167.65,29.0,0.564,AAPL.US
2022-03-24,$174.07,90131420,$171.06,$174.14,$170.21,35.0,0.5233,AAPL.US
2022-03-25,$174.72,80546160,$173.88,$175.28,$172.75,36.0,0.4936,AAPL.US
2022-03-28,$175.60,90371920,$172.17,$175.73,$172.00,57.0,0.5649,AAPL.US
2022-03-29,$178.96,100589400,$176.69,$179.01,$176.34,32.0,0.5265,AAPL.US
2022-03-30,$177.77,92633150,$178.55,$179.61,$176.70,51.0,0.6402,AAPL.US
2022-03-31,$174.61,103049300,$177.84,$178.03,$174.40,39.0,0.2785,AAPL.US
2022-04-01,$174.31,78751330,$174.03,$174.88,$171.94,37.0,0.464,AAPL.US
2022-04-04,$178.44,76545980,$174.57,$178.49,$174.44,30.0,0.5425,AAPL.US
2022-04-05,$175.06,73401790,$177.50,$178.30,$174.415,23.0,0.5154,AAPL.US
2022-04-06,$171.83,89058780,$172.36,$173.63,$170.13,27.0,0.4567,AAPL.US
2022-04-07,$172.14,77594650,$171.16,$173.36,$169.85,23.0,0.4187,AAPL.US
2022-04-08,$170.09,76575510,$171.78,$171.78,$169.20,26.0,0.5553,AAPL.US
2022-04-11,$165.75,72246710,$168.71,$169.03,$165.50,36.0,0.4428,AAPL.US
2022-04-12,$167.66,79265180,$168.02,$169.87,$166.64,31.0,0.4459,AAPL.US
2022-04-13,$170.40,70618930,$167.39,$171.04,$166.77,33.0,0.4767,AAPL.US
2022-04-14,$165.29,75329380,$170.62,$171.27,$165.04,31.0,0.3956,AAPL.US
2022-04-18,$165.07,69023940,$163.92,$166.5984,$163.57,24.0,0.7533,AAPL.US
2022-04-19,$167.40,67723830,$165.02,$167.82,$163.91,29.0,0.5516,AAPL.US
2022-04-20,$167.23,67929810,$168.76,$168.88,$166.10,30.0,0.5569,AAPL.US
2022-04-21,$166.42,87227770,$168.91,$171.53,$165.91,31.0,0.5993,AAPL.US
2022-04-22,$161.79,84882420,$166.46,$167.8699,$161.50,36.0,0.4428,AAPL.US
2022-04-25,$162.88,96046380,$161.12,$163.17,$158.46,29.0,0.3775,AAPL.US
2022-04-26,$156.80,95623240,$162.25,$162.34,$156.72,47.0,0.2625,AAPL.US
2022-04-27,$156.57,88063190,$155.91,$159.79,$155.38,37.0,0.3382,AAPL.US
2022-04-28,$163.64,130216800,$159.25,$164.515,$158.93,60.0,0.3232,AAPL.US
2022-04-29,$157.65,131747600,$161.84,$166.20,$157.25,77.0,0.204,AAPL.US
2022-05-02,$157.96,123055300,$156.71,$158.23,$153.27,43.0,0.1231,AAPL.US
2022-05-03,$159.48,88966530,$158.15,$160.71,$156.32,29.0,0.3989,AAPL.US
2022-05-04,$166.02,108256500,$159.67,$166.48,$159.26,27.0,0.382,AAPL.US
2022-05-05,$156.77,130525300,$163.85,$164.08,$154.95,20.0,0.2502,AAPL.US
2022-05-06,$157.28,116124600,$156.01,$159.44,$154.18,24.0,0.1556,AAPL.US
2022-05-09,$152.06,131577900,$154.925,$155.83,$151.49,30.0,0.4153,AAPL.US
2022-05-10,$154.51,115366700,$155.52,$156.74,$152.93,25.0,0.2463,AAPL.US
2022-05-11,$146.50,142689800,$153.50,$155.45,$145.81,24.0,0.4832,AAPL.US
2022-05-12,$142.56,182602000,$142.77,$146.20,$138.80,48.0,0.3031,AAPL.US
2022-05-13,$147.11,113990900,$144.59,$148.105,$143.11,39.0,0.3198,AAPL.US
2022-05-16,$145.54,86643780,$145.55,$147.5199,$144.18,19.0,0.3117,AAPL.US
2022-05-17,$149.24,78336250,$148.86,$149.77,$146.68,26.0,0.5749,AAPL.US
2022-05-18,$140.82,109742900,$146.85,$147.3601,$139.90,29.0,0.2882,AAPL.US
2022-05-19,$137.35,136095600,$139.88,$141.66,$136.60,32.0,0.4626,AAPL.US
2022-05-20,$137.59,137426100,$139.09,$140.70,$132.61,32.0,0.412,AAPL.US
2022-05-23,$143.11,117726300,$137.79,$143.26,$137.65,32.0,0.5567,AAPL.US
2022-05-24,$140.36,104132700,$140.805,$141.97,$137.33,30.0,0.4587,AAPL.US
2022-05-25,$140.52,92482700,$138.43,$141.785,$138.34,29.0,0.2468,AAPL.US
2022-05-26,$143.78,90601550,$137.39,$144.34,$137.14,44.0,0.3402,AAPL.US
2022-05-27,$149.64,90978500,$145.39,$149.68,$145.26,23.0,0.4311,AAPL.US
2022-05-31,$148.84,103718400,$149.07,$150.66,$146.84,16.0,0.2788,AAPL.US
2022-06-01,$148.71,74286640,$149.90,$151.74,$147.68,19.0,0.5422,AAPL.US
2022-06-02,$151.21,72348060,$147.83,$151.27,$146.86,22.0,0.3331,AAPL.US
2022-06-03,$145.38,88570290,$146.90,$147.97,$144.46,31.0,0.3466,AAPL.US
2022-06-06,$146.14,71598380,$147.03,$148.5689,$144.90,62.0,0.6018,AAPL.US
2022-06-07,$148.71,67808150,$144.345,$149.00,$144.10,64.0,0.4305,AAPL.US
2022-06-08,$147.96,53950200,$148.58,$149.8697,$147.46,33.0,0.6237,AAPL.US
2022-06-09,$142.64,69472980,$147.08,$147.95,$142.53,40.0,0.436,AAPL.US
2022-06-10,$137.13,91566640,$140.28,$140.76,$137.06,48.0,0.3613,AAPL.US
2022-06-13,$131.88,122207100,$132.87,$135.20,$131.44,31.0,0.3172,AAPL.US
2022-06-14,$132.76,84784330,$133.13,$133.89,$131.48,42.0,0.5506,AAPL.US
2022-06-15,$135.43,91532970,$134.29,$137.34,$132.16,40.0,0.5605,AAPL.US
2022-06-16,$130.06,107961500,$132.08,$132.39,$129.04,17.0,0.4713,AAPL.US
2022-06-17,$131.56,134520300,$130.065,$133.079,$129.81,26.0,0.368,AAPL.US
2022-06-21,$135.87,81000490,$133.42,$137.06,$133.32,28.0,0.5884,AAPL.US
2022-06-22,$135.35,73409230,$134.79,$137.76,$133.91,19.0,0.6739,AAPL.US
2022-06-23,$138.27,72433770,$136.82,$138.59,$135.63,28.0,0.4993,AAPL.US
2022-06-24,$141.66,89116840,$139.90,$141.91,$139.77,28.0,0.4399,AAPL.US
2022-06-27,$141.66,70207910,$142.695,$143.49,$140.965,30.0,0.5597,AAPL.US
2022-06-28,$137.44,67315330,$142.13,$143.422,$137.325,37.0,0.4545,AAPL.US
2022-06-29,$139.23,66242410,$137.46,$140.67,$136.67,39.0,0.4072,AAPL.US
2022-06-30,$136.72,98964470,$137.25,$138.37,$133.7737,44.0,0.2109,AAPL.US
2022-07-01,$138.93,71051550,$136.04,$139.04,$135.66,35.0,0.4139,AAPL.US
2022-07-05,$141.56,73429640,$137.77,$141.61,$136.93,28.0,0.3361,AAPL.US
2022-07-06,$142.92,74064250,$141.355,$144.12,$141.08,29.0,0.4239,AAPL.US
2022-07-07,$146.35,66253710,$143.29,$146.55,$143.28,29.0,0.5412,AAPL.US
2022-07-08,$147.04,64547800,$145.265,$147.55,$145.00,20.0,0.2498,AAPL.US
2022-07-11,$144.87,63305110,$145.67,$146.64,$143.78,33.0,0.2015,AAPL.US
2022-07-12,$145.86,77588760,$145.76,$148.45,$145.05,27.0,0.4128,AAPL.US
2022-07-13,$145.49,71185560,$142.99,$146.45,$142.1201,25.0,0.528,AAPL.US
2022-07-14,$148.47,78140740,$144.08,$148.95,$143.25,25.0,0.3061,AAPL.US
2022-07-15,$150.17,76259930,$149.78,$150.86,$148.20,18.0,0.3668,AAPL.US
2022-07-18,$147.07,81420870,$150.74,$151.57,$146.70,40.0,0.4792,AAPL.US
2022-07-19,$151.00,82982370,$147.92,$151.23,$146.91,53.0,0.3177,AAPL.US
2022-07-20,$153.04,64823410,$151.12,$153.72,$150.37,40.0,0.3541,AAPL.US
2022-07-21,$155.35,65086640,$154.50,$155.57,$151.94,31.0,0.4238,AAPL.US
2022-07-22,$154.09,66675410,$155.39,$156.28,$153.41,34.0,0.5404,AAPL.US
2022-07-25,$152.95,53623950,$154.01,$155.04,$152.28,58.0,0.3466,AAPL.US
2022-07-26,$151.60,55138690,$152.265,$153.085,$150.80,29.0,0.3068,AAPL.US
2022-07-27,$156.79,78620690,$152.58,$157.33,$152.16,33.0,0.2948,AAPL.US
2022-07-28,$157.35,81378730,$156.98,$157.64,$154.41,56.0,0.3439,AAPL.US
2022-07-29,$162.51,101786900,$161.24,$163.63,$159.50,70.0,0.5403,AAPL.US
2022-08-01,$161.51,67829380,$161.01,$163.59,$160.89,34.0,0.56,AAPL.US
2022-08-02,$160.01,59907030,$160.10,$162.41,$159.63,19.0,0.3949,AAPL.US
2022-08-03,$166.13,82507490,$160.84,$166.59,$160.75,26.0,0.4989,AAPL.US
2022-08-04,$165.81,55474140,$166.005,$167.19,$164.43,16.0,0.3366,AAPL.US
2022-08-05,$165.35,56696990,$163.21,$165.85,$163.00,22.0,0.354,AAPL.US
2022-08-08,$164.87,60362340,$166.37,$167.81,$164.20,20.0,0.3408,AAPL.US
2022-08-09,$164.92,63135500,$164.02,$165.82,$163.25,38.0,0.3502,AAPL.US
2022-08-10,$169.24,70170540,$167.68,$169.34,$166.90,26.0,0.5495,AAPL.US
2022-08-11,$168.49,57149160,$170.06,$170.99,$168.19,22.0,0.5847,AAPL.US
2022-08-12,$172.10,68039380,$169.82,$172.17,$169.40,33.0,0.3477,AAPL.US
2022-08-15,$173.19,54091690,$171.52,$173.39,$171.345,39.0,0.523,AAPL.US
2022-08-16,$173.03,56377050,$172.78,$173.71,$171.6618,42.0,0.4354,AAPL.US
2022-08-17,$174.55,79542040,$172.77,$176.15,$172.57,28.0,0.2229,AAPL.US
2022-08-18,$174.15,62290080,$173.75,$174.90,$173.12,25.0,0.3322,AAPL.US
2022-08-19,$171.52,70346300,$173.03,$173.74,$171.3101,25.0,0.6568,AAPL.US
2022-08-22,$167.57,69026810,$169.69,$169.86,$167.135,24.0,0.5767,AAPL.US
2022-08-23,$167.23,54147080,$167.08,$168.71,$166.65,26.0,0.3823,AAPL.US
2022-08-24,$167.53,53841520,$167.32,$168.11,$166.245,40.0,0.5302,AAPL.US
2022-08-25,$170.03,51218210,$168.78,$170.14,$168.35,14.0,0.4301,AAPL.US
2022-08-26,$163.62,78960980,$170.57,$171.05,$163.56,26.0,0.5798,AAPL.US
2022-08-29,$161.38,73313950,$161.145,$162.90,$159.82,34.0,0.4583,AAPL.US
2022-08-30,$158.91,77906200,$162.13,$162.56,$157.72,17.0,0.5137,AAPL.US
2022-08-31,$157.22,87991090,$160.305,$160.58,$157.14,18.0,0.365,AAPL.US
2022-09-01,$157.96,74229900,$156.64,$158.42,$154.67,27.0,0.3569,AAPL.US
2022-09-02,$155.81,76957770,$159.75,$160.362,$154.965,33.0,0.5435,AAPL.US
2022-09-06,$154.53,73714840,$156.47,$157.09,$153.69,32.0,0.3915,AAPL.US
2022-09-07,$155.96,87449570,$154.825,$156.67,$153.61,68.0,0.524,AAPL.US
2022-09-08,$154.46,84923850,$154.64,$156.36,$152.68,59.0,0.5139,AAPL.US
2022-09-09,$157.37,68081010,$155.47,$157.82,$154.75,39.0,0.4469,AAPL.US
2022-09-12,$163.43,104956000,$159.59,$164.26,$159.30,32.0,0.6848,AAPL.US
2022-09-13,$153.84,122656600,$159.90,$160.54,$153.37,36.0,0.4409,AAPL.US
2022-09-14,$155.31,87965410,$154.785,$157.10,$153.6106,31.0,0.5218,AAPL.US
2022-09-15,$152.37,90481110,$154.65,$155.24,$151.38,34.0,0.457,AAPL.US
2022-09-16,$150.70,162278800,$151.21,$151.35,$148.37,24.0,0.2959,AAPL.US
2022-09-19,$154.48,81474250,$149.31,$154.56,$149.10,17.0,0.6542,AAPL.US
2022-09-20,$156.90,107689800,$153.40,$158.08,$153.08,35.0,0.4887,AAPL.US
2022-09-21,$153.72,101696800,$157.34,$158.74,$153.60,18.0,0.4224,AAPL.US
2022-09-22,$152.74,86652540,$152.38,$154.47,$150.91,30.0,0.5663,AAPL.US
2022-09-23,$150.43,96029910,$151.19,$151.47,$148.56,33.0,0.4468,AAPL.US
2022-09-26,$150.77,93339410,$149.66,$153.7701,$149.64,42.0,0.5781,AAPL.US
2022-09-27,$151.76,84442740,$152.74,$154.72,$149.945,16.0,0.6131,AAPL.US
2022-09-28,$149.84,146691400,$147.64,$150.6414,$144.84,50.0,0.3916,AAPL.US
2022-09-29,$142.48,128138200,$146.10,$146.72,$140.68,37.0,0.1949,AAPL.US
2022-09-30,$138.20,124925300,$141.28,$143.10,$138.00,40.0,0.313,AAPL.US
2022-10-03,$142.45,114311700,$138.21,$143.07,$137.685,21.0,0.5193,AAPL.US
2022-10-04,$146.10,87830060,$145.03,$146.22,$144.26,37.0,0.4479,AAPL.US
2022-10-05,$146.40,79470970,$144.075,$147.38,$143.01,25.0,0.6656,AAPL.US
2022-10-06,$145.43,68402170,$145.81,$147.54,$145.22,30.0,0.3832,AAPL.US
2022-10-07,$140.09,85925560,$142.54,$143.10,$139.445,22.0,0.4933,AAPL.US
2022-10-10,$140.42,74899000,$140.42,$141.89,$138.5729,28.0,0.1496,AAPL.US
2022-10-11,$138.98,77033670,$139.90,$141.35,$138.22,24.0,0.4984,AAPL.US
2022-10-12,$138.34,70433740,$139.13,$140.36,$138.16,28.0,0.6023,AAPL.US
2022-10-13,$142.99,113224000,$134.99,$143.59,$134.37,29.0,0.5063,AAPL.US
2022-10-14,$138.38,88597970,$144.31,$144.52,$138.19,15.0,0.6045,AAPL.US
2022-10-17,$142.41,85250940,$141.065,$142.90,$140.27,20.0,0.5751,AAPL.US
2022-10-18,$143.75,99136610,$145.49,$146.70,$140.61,34.0,0.5507,AAPL.US
2022-10-19,$143.86,61758340,$141.69,$144.9492,$141.50,19.0,0.6619,AAPL.US
2022-10-20,$143.39,64521990,$143.02,$145.89,$142.65,12.0,0.4577,AAPL.US
2022-10-21,$147.27,86548610,$142.87,$147.8479,$142.649,39.0,0.4087,AAPL.US
2022-10-24,$149.45,75981920,$147.185,$150.23,$146.00,32.0,0.5106,AAPL.US
2022-10-25,$152.34,74732290,$150.09,$152.49,$149.36,39.0,0.4293,AAPL.US
2022-10-26,$149.35,88436170,$150.96,$151.99,$148.04,28.0,0.3644,AAPL.US
2022-10-27,$144.80,109180200,$148.07,$149.046,$144.13,41.0,0.5461,AAPL.US
2022-10-28,$155.74,164762400,$148.20,$157.50,$147.82,66.0,0.4212,AAPL.US
2022-10-31,$153.34,97943170,$153.155,$154.24,$151.92,50.0,0.3594,AAPL.US
2022-11-01,$150.65,80379350,$155.08,$155.45,$149.13,23.0,0.3262,AAPL.US
2022-11-02,$145.03,93604620,$148.945,$152.17,$145.00,27.0,0.2835,AAPL.US
2022-11-03,$138.88,97918520,$142.06,$142.80,$138.75,23.0,0.3479,AAPL.US
2022-11-04,$138.38,140814800,$142.09,$142.67,$134.38,24.0,0.4444,AAPL.US
2022-11-07,$138.92,83374630,$137.11,$139.145,$135.671,62.0,0.1167,AAPL.US
2022-11-08,$139.50,89908480,$140.41,$141.43,$137.49,25.0,0.3987,AAPL.US
2022-11-09,$134.87,74917790,$138.50,$138.55,$134.5933,21.0,0.3994,AAPL.US
2022-11-10,$146.87,118854000,$141.24,$146.87,$139.50,39.0,0.4828,AAPL.US
2022-11-11,$149.70,93979670,$145.82,$150.01,$144.37,20.0,0.7073,AAPL.US
2022-11-14,$148.28,73374110,$148.97,$150.28,$147.43,26.0,0.2847,AAPL.US
2022-11-15,$150.04,89868330,$152.215,$153.59,$148.5613,26.0,0.4048,AAPL.US
2022-11-16,$148.79,64218270,$149.13,$149.87,$147.29,22.0,0.6241,AAPL.US
2022-11-17,$150.72,80389400,$146.43,$151.48,$146.15,14.0,0.6131,AAPL.US
2022-11-18,$151.29,74829570,$152.305,$152.70,$149.97,26.0,0.4653,AAPL.US
2022-11-21,$148.01,58724070,$150.16,$150.37,$147.715,19.0,0.5396,AAPL.US
2022-11-22,$150.18,51804130,$148.13,$150.42,$146.925,23.0,0.6965,AAPL.US
2022-11-23,$151.07,58301400,$149.45,$151.83,$149.34,31.0,0.0995,AAPL.US
2022-11-25,$148.11,35195860,$148.305,$148.88,$147.12,33.0,0.3862,AAPL.US
2022-11-28,$144.22,69346520,$145.14,$146.64,$143.38,52.0,-0.0207,AAPL.US
2022-11-29,$141.17,83763800,$144.29,$144.81,$140.355,63.0,0.0398,AAPL.US
2022-11-30,$148.03,111380900,$141.395,$148.72,$140.55,53.0,0.0814,AAPL.US
2022-12-01,$148.31,71250420,$148.21,$149.13,$146.61,38.0,-0.0713,AAPL.US
2022-12-02,$147.81,65447450,$145.96,$148.00,$145.65,26.0,0.3682,AAPL.US
2022-12-05,$146.63,68826440,$147.77,$150.9199,$145.77,34.0,0.1564,AAPL.US
2022-12-06,$142.91,64727190,$147.075,$147.30,$141.92,43.0,0.3644,AAPL.US
2022-12-07,$140.94,69721090,$142.19,$143.37,$140.00,43.0,0.23,AAPL.US
2022-12-08,$142.65,62128340,$142.36,$143.52,$141.10,22.0,0.1991,AAPL.US
2022-12-09,$142.16,76097010,$142.34,$145.57,$140.90,25.0,0.2823,AAPL.US
2022-12-12,$144.49,70462650,$142.70,$144.50,$141.06,16.0,0.2737,AAPL.US
2022-12-13,$145.47,93886160,$149.50,$149.9692,$144.24,27.0,0.6564,AAPL.US
2022-12-14,$143.21,82291180,$145.35,$146.655,$141.16,16.0,0.4086,AAPL.US
2022-12-15,$136.50,98931910,$141.11,$141.80,$136.025,21.0,0.1472,AAPL.US
2022-12-16,$134.51,160156900,$136.685,$137.65,$133.73,22.0,0.6078,AAPL.US
2022-12-19,$132.37,79592610,$135.11,$135.20,$131.32,23.0,0.4691,AAPL.US
2022-12-20,$132.30,77432820,$131.39,$133.25,$129.89,20.0,0.3975,AAPL.US
2022-12-21,$135.45,85927990,$132.98,$136.81,$132.75,24.0,0.4692,AAPL.US
2022-12-22,$132.23,77852110,$134.352,$134.56,$130.30,21.0,0.379,AAPL.US
2022-12-23,$131.86,63814890,$130.92,$132.415,$129.64,13.0,0.4588,AAPL.US
2022-12-27,$130.03,69007830,$131.38,$131.41,$128.72,26.0,0.2547,AAPL.US
2022-12-28,$126.04,85438390,$129.67,$131.0275,$125.87,27.0,0.2649,AAPL.US
2022-12-29,$129.61,75703710,$127.99,$130.4814,$127.73,27.0,0.3943,AAPL.US
2022-12-30,$129.93,77034210,$128.41,$129.95,$127.43,22.0,0.2355,AAPL.US
2023-01-03,$125.07,112117500,$130.28,$130.90,$124.17,40.0,0.1977,AAPL.US
2023-01-04,$126.36,89113630,$126.89,$128.6557,$125.08,42.0,0.1409,AAPL.US
2023-01-05,$125.02,80962710,$127.13,$127.77,$124.76,25.0,0.3639,AAPL.US
2023-01-06,$129.62,87754720,$126.01,$130.29,$124.89,20.0,0.6063,AAPL.US
2023-01-09,$130.15,70790810,$130.465,$133.41,$129.89,33.0,0.3944,AAPL.US
2023-01-10,$130.73,63896160,$130.26,$131.2636,$128.12,34.0,0.4647,AAPL.US
2023-01-11,$133.49,69458950,$131.25,$133.51,$130.46,35.0,0.3867,AAPL.US
2023-01-12,$133.41,71379650,$133.88,$134.26,$131.44,26.0,0.3819,AAPL.US
2023-01-13,$134.76,57809720,$132.03,$134.92,$131.66,24.0,0.379,AAPL.US
2023-01-17,$135.94,63646630,$134.83,$137.29,$134.13,38.0,0.5684,AAPL.US
2023-01-18,$135.21,69672800,$136.815,$138.61,$135.03,37.0,0.2436,AAPL.US
2023-01-19,$135.27,58280410,$134.08,$136.25,$133.77,11.0,0.7244,AAPL.US
2023-01-20,$137.87,80223630,$135.28,$138.02,$134.22,16.0,0.3608,AAPL.US
2023-01-23,$141.11,81760310,$138.12,$143.315,$137.90,28.0,0.5641,AAPL.US
2023-01-24,$142.53,66435140,$140.305,$143.16,$140.30,22.0,0.6312,AAPL.US
2023-01-25,$141.86,65799350,$140.89,$142.43,$138.81,15.0,0.4301,AAPL.US
2023-01-26,$143.96,54105070,$143.17,$144.25,$141.90,16.0,0.5189,AAPL.US
2023-01-27,$145.93,70555840,$143.155,$147.23,$143.08,25.0,0.3045,AAPL.US
2023-01-30,$143.00,64015270,$144.955,$145.55,$142.85,53.0,0.3511,AAPL.US
2023-01-31,$144.29,65874460,$142.70,$144.34,$142.28,32.0,0.31,AAPL.US
2023-02-01,$145.43,77663630,$143.97,$146.61,$141.32,35.0,0.5118,AAPL.US
2023-02-02,$150.82,118339000,$148.90,$151.18,$148.17,59.0,0.3336,AAPL.US
2023-02-03,$154.50,154357300,$148.03,$157.38,$147.83,73.0,0.2549,AAPL.US
2023-02-06,$151.73,69858310,$152.575,$153.10,$150.78,20.0,0.0339,AAPL.US
2023-02-07,$154.65,83322550,$150.64,$155.23,$150.64,18.0,0.4454,AAPL.US
2023-02-08,$151.92,64120080,$153.88,$154.58,$151.168,24.0,0.5498,AAPL.US
2023-02-09,$150.87,56007140,$153.775,$154.33,$150.42,13.0,0.6005,AAPL.US
2023-02-10,$151.01,57450710,$149.46,$151.3401,$149.22,21.0,0.494,AAPL.US
2023-02-13,$153.85,62199010,$150.952,$154.26,$150.92,14.0,0.7237,AAPL.US
2023-02-14,$153.20,61707570,$152.12,$153.77,$150.86,23.0,0.4118,AAPL.US
2023-02-15,$155.33,65669250,$153.11,$155.50,$152.88,26.0,0.6587,AAPL.US
2023-02-16,$153.71,68167940,$153.51,$156.33,$153.3475,18.0,0.6074,AAPL.US
2023-02-17,$152.55,59144120,$152.35,$153.00,$150.85,16.0,0.5927,AAPL.US
2023-02-21,$148.48,58867230,$150.20,$151.30,$148.405,13.0,0.1632,AAPL.US
2023-02-22,$148.91,51011310,$148.87,$149.95,$147.16,16.0,0.4751,AAPL.US
2023-02-23,$149.40,48394250,$150.09,$150.34,$147.24,18.0,0.7048,AAPL.US
2023-02-24,$146.71,55469610,$147.11,$147.19,$145.7202,19.0,0.6464,AAPL.US
2023-02-27,$147.92,44998470,$147.71,$149.17,$147.45,21.0,0.5572,AAPL.US
2023-02-28,$147.41,50547000,$147.05,$149.08,$146.83,23.0,0.3021,AAPL.US
2023-03-01,$145.31,55478990,$146.83,$147.2285,$145.01,21.0,0.4623,AAPL.US
2023-03-02,$145.91,52279760,$144.38,$146.71,$143.90,23.0,0.3912,AAPL.US
2023-03-03,$151.03,70732300,$148.045,$151.11,$147.33,34.0,0.3126,AAPL.US
2023-03-06,$153.83,87558030,$153.785,$156.30,$153.46,42.0,0.5418,AAPL.US
2023-03-07,$151.60,56182030,$153.70,$154.0299,$151.13,16.0,0.6801,AAPL.US
2023-03-08,$152.87,47204790,$152.81,$153.47,$151.83,17.0,0.3088,AAPL.US
2023-03-09,$150.59,53833580,$153.559,$154.535,$150.225,22.0,0.4629,AAPL.US
2023-03-10,$148.50,68572400,$150.21,$150.94,$147.6096,20.0,0.1717,AAPL.US
2023-03-13,$150.47,84457120,$147.805,$153.14,$147.70,22.0,0.5145,AAPL.US
2023-03-14,$152.59,73695890,$151.28,$153.40,$150.10,15.0,0.4771,AAPL.US
2023-03-15,$152.99,77167870,$151.19,$153.245,$149.92,22.0,0.1191,AAPL.US
2023-03-16,$155.85,76254420,$152.16,$156.46,$151.64,27.0,0.6977,AAPL.US
2023-03-17,$155.00,98944630,$156.08,$156.74,$154.28,16.0,0.6039,AAPL.US
2023-03-20,$157.40,73641420,$155.07,$157.82,$154.15,4.0,0.7848,AAPL.US
2023-03-21,$159.28,73938290,$157.32,$159.40,$156.54,15.0,0.5392,AAPL.US
2023-03-22,$157.83,75701810,$159.30,$162.14,$157.81,15.0,0.4902,AAPL.US
2023-03-23,$158.93,67622060,$158.83,$161.5501,$157.68,37.0,0.417,AAPL.US
2023-03-24,$160.25,59256340,$158.86,$160.34,$157.85,20.0,0.6915,AAPL.US
2023-03-27,$158.28,52390270,$159.94,$160.77,$157.87,13.0,0.6962,AAPL.US
2023-03-28,$157.65,45992150,$157.97,$158.49,$155.98,21.0,0.5573,AAPL.US
2023-03-29,$160.77,51305690,$159.37,$161.05,$159.35,25.0,0.5034,AAPL.US
2023-03-30,$162.36,49501690,$161.53,$162.47,$161.271,25.0,0.4728,AAPL.US
2023-03-31,$164.90,68749790,$162.44,$165.00,$161.91,19.0,0.5921,AAPL.US
2023-04-03,$166.17,56976190,$164.27,$166.29,$164.22,21.0,0.3954,AAPL.US
2023-04-04,$165.63,46278300,$166.595,$166.84,$165.11,20.0,0.5688,AAPL.US
2023-04-05,$163.76,51511740,$164.74,$165.05,$161.80,32.0,0.4039,AAPL.US
2023-04-06,$164.66,45390120,$162.43,$164.9584,$162.00,25.0,0.6429,AAPL.US
2023-04-10,$162.03,47716880,$161.42,$162.03,$160.08,32.0,0.3277,AAPL.US
2023-04-11,$160.80,47644220,$162.35,$162.36,$160.51,14.0,0.4939,AAPL.US
2023-04-12,$160.10,50133060,$161.22,$162.06,$159.78,22.0,0.2945,AAPL.US
2023-04-13,$165.56,68445650,$161.63,$165.80,$161.42,30.0,0.4977,AAPL.US
2023-04-14,$165.21,49386480,$164.59,$166.32,$163.82,15.0,0.5335,AAPL.US
2023-04-17,$165.23,41516220,$165.09,$165.39,$164.03,43.0,0.6022,AAPL.US
2023-04-18,$166.47,49923010,$166.10,$167.41,$165.65,37.0,0.4532,AAPL.US
2023-04-19,$167.63,47720170,$165.80,$168.16,$165.54,28.0,0.6664,AAPL.US
2023-04-20,$166.65,52456380,$166.09,$167.87,$165.56,19.0,0.6627,AAPL.US
2023-04-21,$165.02,58337340,$165.05,$166.4521,$164.49,13.0,0.6638,AAPL.US
2023-04-24,$165.33,41949580,$165.00,$165.60,$163.89,6.0,0.6183,AAPL.US
2023-04-25,$163.77,48714060,$165.19,$166.305,$163.73,18.0,0.5762,AAPL.US
2023-04-26,$163.76,45498800,$163.055,$165.28,$162.80,14.0,0.8991,AAPL.US
2023-04-27,$168.41,64902330,$165.19,$168.56,$165.19,14.0,0.7501,AAPL.US
2023-04-28,$169.68,55275850,$168.49,$169.85,$167.8801,14.0,0.5099,AAPL.US
2023-05-01,$169.59,52472940,$169.28,$170.45,$168.64,21.0,0.3329,AAPL.US
2023-05-02,$168.54,48425700,$170.09,$170.35,$167.54,22.0,0.2377,AAPL.US
2023-05-03,$167.45,65136020,$169.50,$170.92,$167.16,30.0,0.6854,AAPL.US
2023-05-04,$165.79,81235430,$164.89,$167.04,$164.31,54.0,0.5336,AAPL.US
2023-05-05,$173.57,113453200,$170.975,$174.30,$170.76,68.0,0.6282,AAPL.US
2023-05-08,$173.50,55962790,$172.48,$173.85,$172.11,19.0,0.6022,AAPL.US
2023-05-09,$171.77,45326870,$173.05,$173.54,$171.60,19.0,0.9133,AAPL.US
2023-05-10,$173.555,53724500,$173.02,$174.03,$171.90,19.0,0.5593,AAPL.US
2023-05-11,$173.75,49514680,$173.85,$174.59,$172.17,15.0,0.5235,AAPL.US
2023-05-12,$172.57,45533140,$173.62,$174.06,$171.00,16.0,0.3802,AAPL.US
2023-05-15,$172.07,37266660,$173.16,$173.21,$171.47,14.0,0.6574,AAPL.US
2023-05-16,$172.07,42110290,$171.99,$173.1383,$171.7991,14.0,0.3617,AAPL.US
2023-05-17,$172.69,57951600,$171.71,$172.925,$170.4201,22.0,0.6313,AAPL.US
2023-05-18,$175.05,65496660,$173.00,$175.24,$172.58,23.0,0.5308,AAPL.US
2023-05-19,$175.16,55809480,$176.39,$176.39,$174.94,23.0,0.4023,AAPL.US
2023-05-22,$174.20,43570930,$173.98,$174.71,$173.45,26.0,0.4116,AAPL.US
2023-05-23,$171.56,50747260,$173.13,$173.3794,$171.275,8.0,0.4025,AAPL.US
2023-05-24,$171.84,45143490,$171.09,$172.4183,$170.52,4.0,0.9538,AAPL.US
2023-05-25,$172.99,56058260,$172.41,$173.895,$171.69,7.0,0.8473,AAPL.US
2023-05-26,$175.43,54834980,$173.32,$175.77,$173.11,4.0,0.948,AAPL.US
2023-05-30,$177.30,55964400,$176.96,$178.99,$176.57,10.0,0.9074,AAPL.US
2023-05-31,$177.25,99625290,$177.325,$179.35,$176.76,23.0,0.7522,AAPL.US
2023-06-01,$180.09,68901810,$177.70,$180.12,$176.9306,34.0,0.4807,AAPL.US
2023-06-02,$180.95,61996910,$181.03,$181.78,$179.26,46.0,0.5531,AAPL.US
2023-06-05,$179.58,121946500,$182.63,$184.951,$178.035,88.0,0.5711,AAPL.US
2023-06-06,$179.21,64848370,$179.965,$180.12,$177.43,79.0,0.4193,AAPL.US
2023-06-07,$177.82,61944620,$178.44,$181.21,$177.32,28.0,0.7054,AAPL.US
2023-06-08,$180.57,50214880,$177.895,$180.84,$177.46,32.0,0.5839,AAPL.US
2023-06-09,$180.96,48899970,$181.50,$182.23,$180.63,19.0,0.3597,AAPL.US
2023-06-12,$183.79,54755000,$181.27,$183.89,$180.97,14.0,0.5959,AAPL.US
2023-06-13,$183.31,54929130,$182.80,$184.15,$182.44,40.0,0.6293,AAPL.US
2023-06-14,$183.95,57462880,$183.37,$184.39,$182.02,31.0,0.7591,AAPL.US
2023-06-15,$186.01,65433170,$183.96,$186.52,$183.78,15.0,0.7667,AAPL.US
2023-06-16,$184.92,101256200,$186.73,$186.99,$184.27,15.0,0.8469,AAPL.US
2023-06-20,$185.01,49799090,$184.41,$186.10,$184.41,19.0,0.8614,AAPL.US
2023-06-21,$183.96,49515700,$184.90,$185.41,$182.5901,20.0,0.5341,AAPL.US
2023-06-22,$187.00,51245330,$183.74,$187.045,$183.67,11.0,0.7046,AAPL.US
2023-06-23,$186.68,53117000,$185.55,$187.56,$185.01,20.0,0.6113,AAPL.US
2023-06-26,$185.27,48088660,$186.83,$188.05,$185.23,20.0,0.4406,AAPL.US
2023-06-27,$188.06,50730850,$185.89,$188.39,$185.67,15.0,0.1179,AAPL.US
2023-06-28,$189.25,51216800,$187.93,$189.90,$187.60,25.0,0.4795,AAPL.US
2023-06-29,$189.59,46347310,$189.08,$190.07,$188.94,30.0,0.3186,AAPL.US
2023-06-30,$193.97,85213220,$191.63,$194.48,$191.26,61.0,0.5038,AAPL.US
2023-07-03,$192.46,31346600,$193.78,$193.88,$191.76,29.0,0.67,AAPL.US
2023-07-05,$191.33,46920260,$191.565,$192.98,$190.62,22.0,0.6044,AAPL.US
2023-07-06,$191.81,45156010,$189.84,$192.02,$189.20,12.0,0.5653,AAPL.US
2023-07-07,$190.68,46815000,$191.41,$192.67,$190.24,19.0,0.6327,AAPL.US
2023-07-10,$188.61,59922160,$189.26,$189.99,$187.035,19.0,0.4885,AAPL.US
2023-07-11,$188.08,46638120,$189.16,$189.30,$186.60,28.0,0.7313,AAPL.US
2023-07-12,$189.77,60750250,$189.68,$191.70,$188.47,9.0,0.5314,AAPL.US
2023-07-13,$190.54,41342340,$190.50,$191.19,$189.78,16.0,0.6919,AAPL.US
2023-07-14,$190.69,41616240,$190.23,$191.1799,$189.63,18.0,0.7479,AAPL.US
2023-07-17,$193.99,50520160,$191.90,$194.32,$191.81,23.0,0.7421,AAPL.US
2023-07-18,$193.73,48353770,$193.35,$194.33,$192.415,17.0,0.5442,AAPL.US
2023-07-19,$195.10,80507320,$193.10,$198.23,$192.65,22.0,0.5855,AAPL.US
2023-07-20,$193.13,59581200,$195.09,$196.47,$192.495,18.0,0.7428,AAPL.US
2023-07-21,$191.94,71951680,$194.10,$194.97,$191.23,17.0,0.7008,AAPL.US
2023-07-24,$192.75,45505100,$193.41,$194.91,$192.25,22.0,0.4255,AAPL.US
2023-07-25,$193.62,37283200,$193.33,$194.44,$192.915,21.0,0.5308,AAPL.US
2023-07-26,$194.50,47471870,$193.67,$195.64,$193.32,21.0,0.5782,AAPL.US
2023-07-27,$193.22,47460180,$196.02,$197.20,$192.55,17.0,0.7311,AAPL.US
2023-07-28,$195.83,48291440,$194.67,$196.626,$194.14,28.0,0.6715,AAPL.US
2023-07-31,$196.45,38824110,$196.06,$196.49,$195.26,36.0,0.6877,AAPL.US
2023-08-01,$195.605,35281430,$196.235,$196.73,$195.28,17.0,0.7399,AAPL.US
2023-08-02,$192.58,50389330,$195.04,$195.18,$191.8507,18.0,0.7198,AAPL.US
2023-08-03,$191.17,62243280,$191.57,$192.37,$190.69,44.0,0.462,AAPL.US
2023-08-04,$181.99,115956800,$185.52,$187.38,$181.92,44.0,0.5843,AAPL.US
2023-08-07,$178.85,97576070,$182.13,$183.13,$177.35,13.0,0.7512,AAPL.US
2023-08-08,$179.80,67823000,$179.69,$180.27,$177.58,14.0,0.6919,AAPL.US
2023-08-09,$178.19,60378490,$180.87,$180.93,$177.01,33.0,0.4126,AAPL.US
2023-08-10,$177.97,54686850,$179.48,$180.75,$177.60,14.0,0.8414,AAPL.US
2023-08-11,$177.79,52036670,$177.32,$178.62,$176.55,21.0,0.6253,AAPL.US
2023-08-14,$179.46,43675630,$177.97,$179.69,$177.305,24.0,0.4347,AAPL.US
2023-08-15,$177.45,43622590,$178.88,$179.48,$177.05,20.0,0.5472,AAPL.US
2023-08-16,$176.57,46964860,$177.13,$178.54,$176.50,14.0,0.7361,AAPL.US
2023-08-17,$174.00,66062880,$177.14,$177.5054,$173.48,19.0,0.4086,AAPL.US
2023-08-18,$174.49,61172150,$172.30,$175.10,$171.96,14.0,0.7936,AAPL.US
2023-08-21,$175.84,46311880,$175.07,$176.13,$173.735,21.0,0.6098,AAPL.US
2023-08-22,$177.23,42084250,$177.06,$177.68,$176.25,20.0,0.6605,AAPL.US
2023-08-23,$181.12,52722750,$178.52,$181.55,$178.325,18.0,0.6696,AAPL.US
2023-08-24,$176.38,54945800,$180.674,$181.104,$176.01,25.0,0.6281,AAPL.US
2023-08-25,$178.61,51449590,$177.38,$179.15,$175.82,12.0,0.5475,AAPL.US
2023-08-28,$180.19,43820700,$180.09,$180.59,$178.545,16.0,0.5881,AAPL.US
2023-08-29,$184.12,53003950,$179.695,$184.90,$179.50,18.0,0.6402,AAPL.US
2023-08-30,$187.65,60813890,$184.94,$187.85,$184.74,26.0,0.5852,AAPL.US
2023-08-31,$187.87,60794470,$187.84,$189.12,$187.48,23.0,0.6574,AAPL.US
2023-09-01,$189.46,45766500,$189.485,$189.92,$188.28,14.0,0.8421,AAPL.US
2023-09-05,$189.70,45280030,$188.28,$189.98,$187.61,23.0,0.5357,AAPL.US
2023-09-06,$182.91,81755820,$188.40,$188.85,$181.47,51.0,0.2266,AAPL.US
2023-09-07,$177.56,112488800,$175.18,$178.21,$173.54,67.0,0.0815,AAPL.US
2023-09-08,$178.18,65602070,$178.35,$180.239,$177.79,92.0,0.2539,AAPL.US
2023-09-11,$179.36,58953050,$180.07,$180.30,$177.34,72.0,0.5498,AAPL.US
2023-09-12,$176.30,90370190,$179.49,$180.13,$174.82,85.0,0.4494,AAPL.US
2023-09-13,$174.21,84267930,$176.51,$177.30,$173.98,67.0,0.4979,AAPL.US
2023-09-14,$175.74,60895760,$174.00,$176.10,$173.58,47.0,0.5179,AAPL.US
2023-09-15,$175.01,109259500,$176.48,$176.495,$173.82,37.0,0.3681,AAPL.US
2023-09-18,$177.97,67257570,$176.48,$179.38,$176.17,40.0,0.615,AAPL.US
2023-09-19,$179.07,51826940,$177.52,$179.63,$177.13,28.0,0.6001,AAPL.US
2023-09-20,$175.49,58436180,$179.26,$179.695,$175.40,36.0,0.5479,AAPL.US
2023-09-21,$173.93,63149120,$174.55,$176.30,$173.86,30.0,0.5885,AAPL.US
2023-09-22,$174.79,56725390,$174.67,$177.079,$174.05,43.0,0.4919,AAPL.US
2023-09-25,$176.08,46172740,$174.20,$176.97,$174.15,23.0,0.4837,AAPL.US
2023-09-26,$171.96,64588950,$174.82,$175.20,$171.66,19.0,0.2017,AAPL.US
2023-09-27,$170.43,66921810,$172.62,$173.04,$169.05,17.0,0.7011,AAPL.US
2023-09-28,$170.69,56294420,$169.34,$172.03,$167.62,41.0,0.4465,AAPL.US
2023-09-29,$171.21,51861080,$172.02,$173.07,$170.341,29.0,0.45,AAPL.US
2023-10-02,$173.75,52164540,$171.22,$174.30,$170.93,22.0,0.4292,AAPL.US
2023-10-03,$172.40,49594610,$172.255,$173.63,$170.82,24.0,0.5007,AAPL.US
2023-10-04,$173.66,53020290,$171.09,$174.21,$170.97,60.0,0.4499,AAPL.US
2023-10-05,$174.91,48527920,$173.79,$175.45,$172.68,26.0,0.4764,AAPL.US
2023-10-06,$177.49,57266680,$173.80,$177.99,$173.18,24.0,0.4331,AAPL.US
2023-10-09,$178.99,42390770,$176.81,$179.05,$175.80,23.0,0.5242,AAPL.US
2023-10-10,$178.39,43698020,$178.10,$179.72,$177.95,21.0,0.6617,AAPL.US
2023-10-11,$179.80,47551100,$178.20,$179.85,$177.60,23.0,0.6852,AAPL.US
2023-10-12,$180.71,56743120,$180.07,$182.34,$179.04,13.0,0.4633,AAPL.US
2023-10-13,$178.85,51456080,$181.42,$181.93,$178.14,23.0,0.4787,AAPL.US
2023-10-16,$178.72,52516980,$176.75,$179.075,$176.51,27.0,0.554,AAPL.US
2023-10-17,$177.15,57549350,$176.645,$178.42,$174.80,18.0,0.5226,AAPL.US
2023-10-18,$175.84,54764380,$175.58,$177.575,$175.11,15.0,0.6493,AAPL.US
2023-10-19,$175.46,59302860,$176.04,$177.84,$175.19,26.0,0.5485,AAPL.US
2023-10-20,$172.88,64244030,$175.31,$175.42,$172.64,23.0,0.6139,AAPL.US
2023-10-23,$173.00,55980110,$170.91,$174.01,$169.93,33.0,0.3414,AAPL.US
2023-10-24,$173.44,43816640,$173.05,$173.67,$171.45,33.0,0.6665,AAPL.US
2023-10-25,$171.10,57156960,$171.88,$173.06,$170.65,27.0,0.522,AAPL.US
2023-10-26,$166.89,70625260,$170.37,$171.3775,$165.67,28.0,0.35,AAPL.US
2023-10-27,$168.22,58499130,$166.91,$168.96,$166.83,32.0,0.3757,AAPL.US
2023-10-30,$170.29,51130960,$169.02,$171.17,$168.87,49.0,0.5725,AAPL.US
2023-10-31,$170.77,44846020,$169.35,$170.90,$167.90,41.0,0.5322,AAPL.US
2023-11-01,$173.97,56934910,$171.00,$174.23,$170.12,37.0,0.558,AAPL.US
2023-11-02,$177.57,77334750,$175.52,$177.78,$175.46,51.0,0.4582,AAPL.US
2023-11-03,$176.65,79829250,$174.24,$176.82,$173.35,65.0,0.4191,AAPL.US
2023-11-06,$179.23,63841310,$176.38,$179.43,$176.21,29.0,0.4939,AAPL.US
2023-11-07,$181.82,70529970,$179.18,$182.44,$178.97,24.0,0.452,AAPL.US
2023-11-08,$182.89,49340280,$182.35,$183.45,$181.59,30.0,0.4139,AAPL.US
2023-11-09,$182.41,53763540,$182.96,$184.12,$181.81,35.0,0.4812,AAPL.US
2023-11-10,$186.40,66177920,$183.97,$186.565,$183.53,28.0,0.5566,AAPL.US
2023-11-13,$184.80,43627520,$185.82,$186.03,$184.21,26.0,0.5723,AAPL.US
2023-11-14,$187.44,60108380,$187.70,$188.11,$186.30,42.0,0.6527,AAPL.US
2023-11-15,$188.01,53790500,$187.845,$189.50,$187.78,29.0,0.7577,AAPL.US
2023-11-16,$189.71,54412920,$189.57,$190.96,$188.65,26.0,0.7326,AAPL.US
2023-11-17,$189.69,50941400,$190.25,$190.38,$188.57,30.0,0.5721,AAPL.US
2023-11-20,$191.45,46538610,$189.89,$191.905,$189.88,19.0,0.1307,AAPL.US
2023-11-21,$190.64,38134490,$191.41,$191.52,$189.74,31.0,0.436,AAPL.US
2023-11-22,$191.31,39630010,$191.49,$192.93,$190.825,16.0,0.5859,AAPL.US
2023-11-24,$189.97,24048340,$190.87,$190.90,$189.25,26.0,0.6564,AAPL.US
2023-11-27,$189.79,40552610,$189.92,$190.67,$188.90,29.0,0.7044,AAPL.US
2023-11-28,$190.40,38415420,$189.78,$191.08,$189.40,25.0,0.6914,AAPL.US
2023-11-29,$189.37,43014220,$190.90,$192.09,$188.97,30.0,0.4298,AAPL.US
2023-11-30,$189.95,48794370,$189.84,$190.32,$188.19,13.0,0.7994,AAPL.US
2023-12-01,$191.24,45704820,$190.33,$191.56,$189.23,22.0,0.4283,AAPL.US
2023-12-04,$189.43,43389520,$189.98,$190.05,$187.4511,21.0,0.5768,AAPL.US
2023-12-05,$193.42,66628400,$190.21,$194.40,$190.18,24.0,0.5086,AAPL.US
2023-12-06,$192.32,41089740,$194.45,$194.76,$192.11,40.0,0.5109,AAPL.US
2023-12-07,$194.27,47477660,$193.63,$195.00,$193.59,35.0,0.5488,AAPL.US
2023-12-08,$195.71,53406360,$194.20,$195.99,$193.67,45.0,0.4438,AAPL.US
2023-12-11,$193.18,60943700,$193.11,$193.49,$191.42,30.0,0.3999,AAPL.US
2023-12-12,$194.71,52696900,$193.08,$194.72,$191.721,32.0,0.488,AAPL.US
2023-12-13,$197.96,70404180,$195.09,$198.00,$194.85,32.0,0.376,AAPL.US
2023-12-14,$198.11,66831570,$198.02,$199.62,$196.16,34.0,0.7378,AAPL.US
2023-12-15,$197.57,128538400,$197.53,$198.3999,$197.00,23.0,0.597,AAPL.US
2023-12-18,$195.89,55751860,$196.09,$196.63,$194.39,29.0,0.1809,AAPL.US
2023-12-19,$196.94,40714050,$196.16,$196.95,$195.89,37.0,0.5195,AAPL.US
2023-12-20,$194.83,52242820,$196.90,$197.68,$194.83,18.0,0.3324,AAPL.US
2023-12-21,$194.68,46482550,$196.10,$197.08,$193.50,36.0,0.4212,AAPL.US
2023-12-22,$193.60,37149570,$195.18,$195.41,$192.97,19.0,0.532,AAPL.US
2023-12-26,$193.05,28919310,$193.61,$193.89,$192.83,32.0,0.1969,AAPL.US
2023-12-27,$193.15,48087680,$192.49,$193.50,$191.09,42.0,0.1106,AAPL.US
2023-12-28,$193.58,34049900,$194.14,$194.66,$193.17,36.0,0.4137,AAPL.US
2023-12-29,$192.53,42672150,$193.90,$194.40,$191.725,24.0,0.7048,AAPL.US
2024-01-02,$185.64,82488670,$187.15,$188.44,$183.885,44.0,0.2865,AAPL.US
2024-01-03,$184.25,58414460,$184.22,$185.88,$183.43,39.0,0.5222,AAPL.US
2024-01-04,$181.91,71983570,$182.15,$183.0872,$180.88,35.0,0.3239,AAPL.US
2024-01-05,$181.18,62379660,$181.99,$182.76,$180.17,33.0,0.5074,AAPL.US
2024-01-08,$185.56,59144470,$182.085,$185.60,$181.50,32.0,0.5662,AAPL.US
2024-01-09,$185.14,42841810,$183.92,$185.15,$182.73,16.0,0.6241,AAPL.US
2024-01-10,$186.19,46792910,$184.35,$186.40,$183.92,27.0,0.6731,AAPL.US
2024-01-11,$185.59,49128410,$186.54,$187.05,$183.62,29.0,0.6119,AAPL.US
2024-01-12,$185.92,40477780,$186.06,$186.74,$185.19,30.0,0.5089,AAPL.US
2024-01-16,$183.63,65603040,$182.16,$184.26,$180.934,46.0,0.4195,AAPL.US
2024-01-17,$182.68,47317430,$181.27,$182.93,$180.30,47.0,0.4494,AAPL.US
2024-01-18,$188.63,78005750,$186.09,$189.14,$185.83,44.0,0.5563,AAPL.US
2024-01-19,$191.56,68902990,$189.33,$191.95,$188.82,28.0,0.5964,AAPL.US
2024-01-22,$193.89,60133850,$192.30,$195.33,$192.26,21.0,0.5872,AAPL.US
2024-01-23,$195.18,42355590,$195.02,$195.75,$193.8299,18.0,0.4612,AAPL.US
2024-01-24,$194.50,53631320,$195.42,$196.38,$194.34,20.0,0.7749,AAPL.US
2024-01-25,$194.17,54822130,$195.22,$196.2675,$193.1125,39.0,0.5702,AAPL.US
2024-01-26,$192.42,44594010,$194.27,$194.76,$191.94,32.0,0.6633,AAPL.US
2024-01-29,$191.73,47145620,$192.01,$192.20,$189.58,28.0,0.7451,AAPL.US
2024-01-30,$188.04,55859370,$190.94,$191.80,$187.47,27.0,0.6545,AAPL.US
2024-01-31,$184.40,55467800,$187.04,$187.095,$184.35,32.0,0.6869,AAPL.US
2024-02-01,$186.86,64885410,$183.985,$186.95,$183.82,59.0,0.6989,AAPL.US
2024-02-02,$185.85,102551700,$179.86,$187.33,$179.25,62.0,0.6313,AAPL.US
2024-02-05,$187.68,69668820,$188.15,$189.25,$185.84,35.0,0.6754,AAPL.US
2024-02-06,$189.30,43490760,$186.86,$189.31,$186.7695,15.0,0.7394,AAPL.US
2024-02-07,$189.41,53438960,$190.64,$191.05,$188.61,29.0,0.5216,AAPL.US
2024-02-08,$188.32,40962050,$189.385,$189.535,$187.35,25.0,0.7797,AAPL.US
2024-02-09,$188.85,45155220,$188.65,$189.99,$188.00,18.0,0.6074,AAPL.US
2024-02-12,$187.15,41781930,$188.415,$188.67,$186.79,15.0,0.8173,AAPL.US
2024-02-13,$185.04,56529530,$185.77,$186.21,$183.5128,19.0,0.5989,AAPL.US
2024-02-14,$184.15,54630520,$185.32,$185.53,$182.44,18.0,0.5866,AAPL.US
2024-02-15,$183.86,65434500,$183.55,$184.49,$181.35,28.0,0.6609,AAPL.US
2024-02-16,$182.31,49752470,$183.42,$184.85,$181.665,21.0,0.7759,AAPL.US
2024-02-20,$181.56,53665550,$181.79,$182.43,$180.00,19.0,0.6299,AAPL.US
2024-02-21,$182.32,41529670,$181.94,$182.8888,$180.66,29.0,0.5853,AAPL.US
2024-02-22,$184.37,52292210,$183.48,$184.955,$182.46,15.0,0.6796,AAPL.US
2024-02-23,$182.52,45119680,$185.01,$185.04,$182.23,12.0,0.9263,AAPL.US
2024-02-26,$181.16,40867420,$182.24,$182.76,$180.65,25.0,0.7475,AAPL.US
2024-02-27,$182.63,54318850,$181.10,$183.9225,$179.56,21.0,0.6107,AAPL.US
2024-02-28,$181.42,48953940,$182.51,$183.12,$180.13,24.0,0.7662,AAPL.US
2024-02-29,$180.75,136682600,$181.27,$182.57,$179.53,18.0,0.6934,AAPL.US
2024-03-01,$179.66,73563080,$179.55,$180.53,$177.38,19.0,0.7424,AAPL.US
